Nombre de Comunidad,Código de Provincia,Nombre de Provincia,Población,Número de mesas,Censo electoral sin CERA,Censo CERA,Total censo electoral,Total Votantes CER,Total votantes CERA,Total votantes,Votos válidos,Votos a candidaturas,Votos en blanco,Votos nulos,Votos,Diputados,Votos,Diputados,Votos,Diputados,Votos,Diputados,Votos,Diputados,Votos,Diputados,Votos,Diputados,Votos,Diputados,Votos,Diputados,Votos,Diputados,Votos,Diputados,Votos,Diputados,Votos,Diputados,Votos,Diputados,Votos,Diputados,Votos,Diputados,Votos,Diputados,Votos,Diputados,Votos,Diputados,Votos,Diputados,Votos,Diputados,Votos,Diputados,Votos,Diputados,Votos,Diputados,Votos,Diputados,Votos,Diputados,Votos,Diputados,Votos,Diputados,Votos,Diputados,Votos,Diputados,Votos,Diputados,Votos,Diputados,Votos,Diputados,Votos,Diputados,Votos,Diputados,Votos,Diputados,Votos,Diputados,Votos,Diputados,Votos,Diputados,Votos,Diputados,Votos,Diputados,Votos,Diputados,Votos,Diputados,Votos,Diputados,Votos,Diputados,Votos,Diputados,Votos,Diputados,Votos,Diputados,Votos,Diputados,Votos,Diputados,Votos,Diputados,Votos,Diputados,Votos,Diputados,Votos,Diputados,Votos,Diputados,Votos,Diputados,Votos,Diputados,Votos,Diputados,Votos,Diputados,Votos,Diputados,Votos,Diputados,Votos,Diputados,Votos,Diputados
Andalucía                     ,4,Almería                                           ,442324,415,322410,2576,324986,220115,966,221081,219435,218644,791,1646,115587,4,51421,1,18697,0,19523,0,0,0,0,0,4176,0,0,0,5116,0,2062,0,0,0,0,0,0,0,0,0,701,0,0,0,650,0,0,0,0,0,274,0,0,0,0,0,0,0,0,0,0,0,0,0,0,0,0,0,0,0,142,0,0,0,184,0,0,0,0,0,0,0,0,0,0,0,111,0,0,0,0,0,0,0,0,0,0,0,0,0,0,0,0,0,0,0,0,0,0,0,0,0,0,0,0,0,0,0,0,0,0,0,0,0,0,0,0,0,0,0,0,0,0,0,0,0,0,0
Andalucía                     ,11,Cádiz                                             ,1044493,1012,746275,2906,749181,472068,1016,473084,469188,466724,2464,3896,243410,6,76688,1,44871,1,19905,0,0,0,0,0,16225,0,0,0,53173,1,3928,0,0,0,0,0,2791,0,0,0,1501,0,0,0,1789,0,0,0,0,0,861,0,0,0,0,0,0,0,0,0,0,0,515,0,0,0,0,0,0,0,383,0,0,0,408,0,0,0,0,0,0,0,0,0,0,0,276,0,0,0,0,0,0,0,0,0,0,0,0,0,0,0,0,0,0,0,0,0,0,0,0,0,0,0,0,0,0,0,0,0,0,0,0,0,0,0,0,0,0,0,0,0,0,0,0,0,0,0
Andalucía                     ,14,Córdoba                                           ,747505,744,559785,2563,562348,421720,1057,422777,420386,418821,1565,2391,207503,5,76561,1,77106,1,21110,0,0,0,0,0,4893,0,0,0,24714,0,1343,0,0,0,0,0,1153,0,0,0,1504,0,0,0,1271,0,0,0,0,0,705,0,0,0,0,0,0,0,0,0,0,0,368,0,0,0,0,0,0,0,214,0,0,0,216,0,0,0,0,0,0,0,0,0,0,0,160,0,0,0,0,0,0,0,0,0,0,0,0,0,0,0,0,0,0,0,0,0,0,0,0,0,0,0,0,0,0,0,0,0,0,0,0,0,0,0,0,0,0,0,0,0,0,0,0,0,0,0
Andalucía                     ,18,Granada                                           ,783265,662,591023,3789,594812,409788,1373,411161,408799,406546,2253,2362,204596,4,100619,2,47067,1,24619,0,0,0,0,0,5613,0,0,0,10824,0,3833,0,0,0,0,0,2179,0,0,0,4310,0,0,0,1042,0,0,0,0,0,800,0,0,0,0,0,0,0,0,0,0,0,460,0,0,0,0,0,0,0,219,0,0,0,191,0,0,0,0,0,0,0,0,0,0,0,174,0,0,0,0,0,0,0,0,0,0,0,0,0,0,0,0,0,0,0,0,0,0,0,0,0,0,0,0,0,0,0,0,0,0,0,0,0,0,0,0,0,0,0,0,0,0,0,0,0,0,0
Andalucía                     ,21,Huelva                                            ,433995,414,318957,907,319864,211037,314,211351,210319,209379,940,1032,123126,4,41173,1,16278,0,9846,0,0,0,0,0,3223,0,0,0,10618,0,1096,0,0,0,0,0,1157,0,0,0,998,0,0,0,1148,0,0,0,0,0,262,0,0,0,0,0,0,0,0,0,0,0,205,0,0,0,0,0,0,0,151,0,0,0,0,0,0,0,0,0,0,0,0,0,0,0,98,0,0,0,0,0,0,0,0,0,0,0,0,0,0,0,0,0,0,0,0,0,0,0,0,0,0,0,0,0,0,0,0,0,0,0,0,0,0,0,0,0,0,0,0,0,0,0,0,0,0,0
Andalucía                     ,23,Jaén                                              ,646849,667,480628,1217,481845,367772,453,368225,365367,364196,1171,2858,197733,4,88906,2,42112,0,17576,0,0,0,0,0,2540,0,0,0,9010,0,1369,0,0,0,0,0,1231,0,0,0,777,0,0,0,1139,0,0,0,0,0,1089,0,0,0,0,0,0,0,0,0,0,0,345,0,0,0,0,0,0,0,166,0,0,0,203,0,0,0,0,0,0,0,0,0,0,0,0,0,0,0,0,0,0,0,0,0,0,0,0,0,0,0,0,0,0,0,0,0,0,0,0,0,0,0,0,0,0,0,0,0,0,0,0,0,0,0,0,0,0,0,0,0,0,0,0,0,0,0
Andalucía                     ,29,Málaga                                            ,1150434,947,779421,4048,783469,511631,1926,513557,510152,508045,2107,3405,263147,7,99352,2,69522,1,28434,0,0,0,0,0,6783,0,0,0,26201,0,3790,0,0,0,0,0,4739,0,0,0,1652,0,0,0,1987,0,0,0,0,0,827,0,0,0,0,0,0,0,0,0,0,0,722,0,0,0,0,0,0,0,351,0,0,0,285,0,0,0,0,0,0,0,0,0,0,0,253,0,0,0,0,0,0,0,0,0,0,0,0,0,0,0,0,0,0,0,0,0,0,0,0,0,0,0,0,0,0,0,0,0,0,0,0,0,0,0,0,0,0,0,0,0,0,0,0,0,0,0
Andalucía                     ,41,Sevilla                                           ,1540907,1670,1138913,3377,1142290,815194,1324,816518,810000,805917,4083,6518,438615,8,153905,2,93080,1,18420,0,0,0,0,0,8163,0,0,0,73031,1,4823,0,0,0,0,0,2474,0,0,0,6277,0,0,0,1830,0,0,0,0,0,1760,0,0,0,0,0,0,0,0,0,0,0,798,0,0,0,1436,0,0,0,484,0,0,0,391,0,0,0,0,0,0,0,0,0,0,0,185,0,0,0,0,0,0,0,0,0,0,0,0,0,0,0,0,0,0,0,0,0,0,0,0,0,0,0,0,0,0,0,0,0,0,0,0,0,0,0,0,0,0,0,0,0,245,0,0,0,0,0
Aragón                        ,22,Huesca                                            ,210094,357,168244,984,169228,118207,473,118680,117395,116344,1051,1285,47491,2,29938,1,9074,0,10015,0,0,0,0,0,1058,0,0,0,0,0,0,0,0,0,0,0,1405,0,0,0,368,0,0,0,870,0,14260,0,0,0,237,0,0,0,0,0,0,0,0,0,0,0,103,0,0,0,0,0,412,0,118,0,0,0,120,0,0,0,0,0,0,0,0,0,0,0,0,0,0,0,0,0,0,0,0,0,875,0,0,0,0,0,0,0,0,0,0,0,0,0,0,0,0,0,0,0,0,0,0,0,0,0,0,0,0,0,0,0,0,0,0,0,0,0,0,0,0,0
Aragón                        ,44,Teruel                                            ,149414,314,119158,568,119726,84704,223,84927,84196,83611,585,731,33744,2,27695,1,3580,0,7319,0,0,0,0,0,497,0,0,0,0,0,291,0,0,0,0,0,365,0,0,0,354,0,0,0,410,0,8894,0,0,0,88,0,0,0,0,0,0,0,0,0,0,0,97,0,0,0,0,0,0,0,74,0,0,0,0,0,0,0,0,0,0,0,0,0,0,0,0,0,0,0,0,0,0,0,0,0,203,0,0,0,0,0,0,0,0,0,0,0,0,0,0,0,0,0,0,0,0,0,0,0,0,0,0,0,0,0,0,0,0,0,0,0,0,0,0,0,0,0
Aragón                        ,50,Zaragoza                                          ,824686,1147,655156,2211,657367,459817,942,460759,457862,453910,3952,2897,174107,3,125728,2,51546,1,32826,0,0,0,0,0,5317,0,0,0,0,0,2683,0,0,0,0,0,2965,0,0,0,2112,0,0,0,2773,0,48579,1,0,0,573,0,0,0,0,0,0,0,0,0,0,0,510,0,0,0,0,0,1437,0,361,0,0,0,315,0,0,0,0,0,0,0,0,0,0,0,0,0,0,0,0,0,0,0,0,0,2078,0,0,0,0,0,0,0,0,0,0,0,0,0,0,0,0,0,0,0,0,0,0,0,0,0,0,0,0,0,0,0,0,0,0,0,0,0,0,0,0,0
Principado de Asturias        ,33,Asturias                                          ,1112186,1408,887426,9059,896485,613510,4187,617697,612844,609116,3728,4853,248584,4,162590,3,95494,1,76643,1,0,0,0,0,3424,0,0,0,0,0,4352,0,0,0,0,0,3340,0,0,0,1854,0,0,0,2861,0,0,0,0,0,1604,0,0,0,0,0,0,0,0,0,0,0,751,0,0,0,0,0,0,0,406,0,0,0,469,0,0,0,0,0,0,0,0,0,3526,0,0,0,0,0,0,0,0,0,3218,0,0,0,0,0,0,0,0,0,0,0,0,0,0,0,0,0,0,0,0,0,0,0,0,0,0,0,0,0,0,0,0,0,0,0,0,0,0,0,0,0,0,0
Illes Balears                 ,7,Illes Balears                                     ,680933,846,547795,1144,548939,348341,438,348779,344681,341705,2976,4098,118833,3,140163,3,17555,0,31671,0,0,0,0,0,8709,0,0,0,0,0,8762,0,0,0,0,0,0,0,0,0,772,0,0,0,1621,0,0,0,0,0,1050,0,0,0,0,0,0,0,0,0,0,0,541,0,0,0,0,0,0,0,0,0,0,0,327,0,0,0,7989,0,431,0,0,0,0,0,0,0,0,0,0,0,0,0,0,0,0,0,0,0,0,0,2883,0,0,0,0,0,0,0,0,0,0,0,0,0,0,0,0,0,0,0,0,0,0,0,0,0,398,0,0,0,0,0,0,0,0,0
Canarias                      ,35,Las Palmas                                        ,751269,899,561845,960,562805,357399,218,357617,354733,352951,1782,2884,113675,3,73443,2,35818,0,86121,2,0,0,0,0,6211,0,0,0,0,0,2999,0,0,0,0,0,2576,0,0,0,810,0,0,0,1523,0,0,0,6333,0,979,0,0,0,0,0,0,0,0,0,0,0,391,0,13244,0,0,0,0,0,574,0,0,0,0,0,0,0,0,0,0,0,6371,0,0,0,0,0,0,0,0,0,0,0,0,0,0,0,0,0,0,0,0,0,0,0,1411,0,0,0,0,0,0,0,0,0,0,0,0,0,0,0,0,0,472,0,0,0,0,0,0,0,0,0,0,0,0,0
Canarias                      ,38,Santa Cruz de Tenerife                            ,715122,705,523627,2501,526128,318926,203,319129,315806,314240,1566,3323,128360,4,56600,1,17546,0,31776,1,0,0,0,0,3906,0,0,0,0,0,3139,0,0,0,0,0,2117,0,0,0,844,0,0,0,1990,0,0,0,58434,1,521,0,0,0,0,0,0,0,0,0,0,0,376,0,8295,0,0,0,0,0,336,0,0,0,0,0,0,0,0,0,0,0,0,0,0,0,0,0,0,0,0,0,0,0,0,0,0,0,0,0,0,0,0,0,0,0,0,0,0,0,0,0,0,0,0,0,0,0,0,0,0,0,0,0,0,0,0,0,0,0,0,0,0,0,0,0,0,0
Cantabria                     ,39,Cantabria                                         ,522664,498,402855,2526,405381,300155,963,301118,297873,295049,2824,3245,119352,3,114403,2,19058,0,28976,0,0,0,0,0,2208,0,0,0,0,0,1860,0,0,0,0,0,2481,0,0,0,1291,0,0,0,1727,0,0,0,0,0,1132,0,0,0,0,0,0,0,0,0,0,0,868,0,0,0,0,0,0,0,347,0,0,0,256,0,0,0,0,0,0,0,0,0,186,0,0,0,0,0,0,0,0,0,0,0,0,0,0,0,0,0,0,0,0,0,0,0,0,0,0,0,0,0,0,0,0,0,0,0,904,0,0,0,0,0,0,0,0,0,0,0,0,0,0,0,0,0
Castilla - La Mancha          ,2,Albacete                                          ,346217,460,257931,924,258855,198058,351,198409,197173,195851,1322,1236,97904,3,60664,1,16580,0,14651,0,0,0,0,0,1242,0,0,0,0,0,1336,0,0,0,0,0,891,0,0,0,830,0,0,0,729,0,0,0,0,0,557,0,0,0,0,0,0,0,0,0,0,0,270,0,0,0,0,0,0,0,197,0,0,0,0,0,0,0,0,0,0,0,0,0,0,0,0,0,0,0,0,0,0,0,0,0,0,0,0,0,0,0,0,0,0,0,0,0,0,0,0,0,0,0,0,0,0,0,0,0,0,0,0,0,0,0,0,0,0,0,0,0,0,0,0,0,0,0
Castilla - La Mancha          ,13,Ciudad Real                                       ,483634,593,367402,642,368044,276127,262,276389,273884,272404,1480,2505,143416,3,82074,2,17285,0,21717,0,0,0,0,0,2193,0,0,0,0,0,2063,0,0,0,0,0,1351,0,0,0,501,0,0,0,948,0,0,0,0,0,388,0,0,0,0,0,0,0,0,0,0,0,0,0,0,0,0,0,0,0,168,0,0,0,195,0,0,0,0,0,0,0,0,0,0,0,105,0,0,0,0,0,0,0,0,0,0,0,0,0,0,0,0,0,0,0,0,0,0,0,0,0,0,0,0,0,0,0,0,0,0,0,0,0,0,0,0,0,0,0,0,0,0,0,0,0,0,0
Castilla - La Mancha          ,16,Cuenca                                            ,213370,335,168480,355,168835,128128,163,128291,127446,126661,785,845,58465,2,49748,1,5529,0,9149,0,0,0,0,0,750,0,0,0,0,0,615,0,0,0,0,0,562,0,0,0,649,0,0,0,520,0,0,0,0,0,150,0,0,0,0,0,0,0,0,0,0,0,256,0,0,0,0,0,0,0,63,0,0,0,159,0,0,0,0,0,0,0,0,0,0,0,46,0,0,0,0,0,0,0,0,0,0,0,0,0,0,0,0,0,0,0,0,0,0,0,0,0,0,0,0,0,0,0,0,0,0,0,0,0,0,0,0,0,0,0,0,0,0,0,0,0,0,0
Castilla - La Mancha          ,19,Guadalajara                                       ,146316,382,115296,361,115657,87301,139,87440,86690,85894,796,750,31653,1,37061,2,7280,0,6622,0,0,0,0,0,601,0,0,0,0,0,620,0,0,0,0,0,467,0,0,0,201,0,0,0,492,0,0,0,0,0,74,0,0,0,0,0,0,0,0,0,0,0,182,0,0,0,0,0,0,0,79,0,0,0,58,0,0,0,0,0,0,0,0,0,0,0,78,0,0,0,0,0,0,0,0,0,0,0,0,0,0,0,0,0,0,0,0,0,0,0,0,0,0,0,0,0,0,0,0,0,0,0,0,0,0,0,426,0,0,0,0,0,0,0,0,0,0,0
Castilla - La Mancha          ,45,Toledo                                            ,486194,481,371919,1200,373119,290859,480,291339,288466,286744,1722,2873,135526,3,99167,2,21053,0,23159,0,0,0,0,0,2070,0,0,0,0,0,0,0,0,0,0,0,1520,0,0,0,500,0,0,0,884,0,0,0,0,0,331,0,0,0,0,0,0,0,0,0,0,0,589,0,0,0,1143,0,0,0,202,0,0,0,148,0,0,0,0,0,0,0,0,0,0,0,452,0,0,0,0,0,0,0,0,0,0,0,0,0,0,0,0,0,0,0,0,0,0,0,0,0,0,0,0,0,0,0,0,0,0,0,0,0,0,0,0,0,0,0,0,0,0,0,0,0,0,0
Castilla y León               ,5,Ávila                                             ,182101,310,143404,843,144247,110712,310,111022,109087,108411,676,1935,30282,1,35757,1,4815,0,34402,1,0,0,0,0,682,0,0,0,0,0,1139,0,0,0,0,0,487,0,0,0,156,0,0,0,216,0,0,0,0,0,146,0,0,0,0,0,0,0,0,0,0,0,149,0,0,0,0,0,0,0,70,0,0,0,110,0,0,0,0,0,0,0,0,0,0,0,0,0,0,0,0,0,0,0,0,0,0,0,0,0,0,0,0,0,0,0,0,0,0,0,0,0,0,0,0,0,0,0,0,0,0,0,0,0,0,0,0,0,0,0,0,0,0,0,0,0,0,0
Castilla y León               ,9,Burgos                                            ,359198,673,283402,1501,284903,205391,512,205903,203508,201110,2398,2395,65811,2,88446,2,16010,0,21973,0,0,0,0,0,2202,0,0,0,0,0,0,0,0,0,0,0,3544,0,0,0,613,0,0,0,1244,0,0,0,0,0,487,0,0,0,0,0,0,0,0,0,0,0,391,0,0,0,0,0,0,0,389,0,0,0,0,0,0,0,0,0,0,0,0,0,0,0,0,0,0,0,0,0,0,0,0,0,0,0,0,0,0,0,0,0,0,0,0,0,0,0,0,0,0,0,0,0,0,0,0,0,0,0,0,0,0,0,0,0,0,0,0,0,0,0,0,0,0,0
Castilla y León               ,24,León                                              ,531021,726,414623,4228,418851,287939,1602,289541,285943,283157,2786,3598,114046,3,109792,2,17910,0,28898,0,0,0,0,0,2913,0,0,0,0,0,2385,0,0,0,0,0,1454,0,0,0,713,0,0,0,1819,0,0,0,0,0,514,0,0,0,0,0,0,0,0,0,0,0,372,0,0,0,0,0,0,0,191,0,0,0,325,0,0,0,0,0,0,0,0,0,0,0,0,0,0,0,0,0,0,0,0,0,0,0,0,0,1825,0,0,0,0,0,0,0,0,0,0,0,0,0,0,0,0,0,0,0,0,0,0,0,0,0,0,0,0,0,0,0,0,0,0,0,0,0
Castilla y León               ,34,Palencia                                          ,189433,310,147719,1012,148731,113490,350,113840,112752,111711,1041,1088,41313,1,50186,2,6533,0,9696,0,0,0,0,0,0,0,0,0,0,0,1307,0,0,0,0,0,768,0,0,0,398,0,0,0,735,0,0,0,0,0,222,0,0,0,0,0,0,0,0,0,0,0,226,0,0,0,0,0,0,0,145,0,0,0,182,0,0,0,0,0,0,0,0,0,0,0,0,0,0,0,0,0,0,0,0,0,0,0,0,0,0,0,0,0,0,0,0,0,0,0,0,0,0,0,0,0,0,0,0,0,0,0,0,0,0,0,0,0,0,0,0,0,0,0,0,0,0,0
Castilla y León               ,37,Salamanca                                         ,359293,579,286965,2357,289322,217042,957,217999,216198,214321,1877,1801,79966,2,88048,2,12308,0,27068,0,0,0,0,0,0,0,0,0,0,0,2331,0,0,0,0,0,1291,0,0,0,476,0,0,0,1052,0,0,0,0,0,384,0,0,0,0,0,0,0,0,0,0,0,278,0,0,0,0,0,0,0,206,0,0,0,329,0,0,0,0,0,0,0,0,0,0,0,0,0,0,0,0,0,0,0,0,0,0,0,0,0,584,0,0,0,0,0,0,0,0,0,0,0,0,0,0,0,0,0,0,0,0,0,0,0,0,0,0,0,0,0,0,0,0,0,0,0,0,0
Castilla y León               ,40,Segovia                                           ,150595,273,119505,363,119868,90673,125,90798,89537,88307,1230,1261,27468,1,35705,2,6387,0,14764,0,0,0,0,0,616,0,0,0,0,0,802,0,0,0,0,0,967,0,0,0,283,0,0,0,518,0,0,0,0,0,163,0,0,0,0,0,0,0,0,0,0,0,109,0,0,0,0,0,0,0,278,0,0,0,137,0,0,0,0,0,0,0,0,0,0,0,110,0,0,0,0,0,0,0,0,0,0,0,0,0,0,0,0,0,0,0,0,0,0,0,0,0,0,0,0,0,0,0,0,0,0,0,0,0,0,0,0,0,0,0,0,0,0,0,0,0,0,0
Castilla y León               ,42,Soria                                             ,97743,237,79136,384,79520,56499,159,56658,55844,55167,677,814,18421,1,26756,2,2872,0,5260,0,0,0,0,0,466,0,0,0,0,0,0,0,0,0,0,0,0,0,0,0,164,0,0,0,539,0,0,0,0,0,117,0,0,0,0,0,0,0,0,0,0,0,106,0,0,0,0,0,0,0,137,0,0,0,77,0,0,0,0,0,0,0,0,0,0,0,0,0,0,0,0,0,0,0,0,0,0,0,0,0,0,0,0,0,0,0,0,0,0,0,0,0,252,0,0,0,0,0,0,0,0,0,0,0,0,0,0,0,0,0,0,0,0,0,0,0,0,0
Castilla y León               ,47,Valladolid                                        ,491093,679,379184,1211,380395,284527,426,284953,282555,279588,2967,2398,101532,2,107695,3,26753,0,32342,0,0,0,0,0,1802,0,0,0,0,0,0,0,0,0,0,0,3311,0,0,0,2264,0,0,0,1386,0,0,0,0,0,493,0,0,0,0,0,0,0,0,0,0,0,541,0,0,0,0,0,0,0,347,0,0,0,0,0,0,0,0,0,0,0,0,0,0,0,175,0,0,0,0,0,0,0,0,0,0,0,0,0,0,0,0,0,0,0,0,0,0,0,0,0,947,0,0,0,0,0,0,0,0,0,0,0,0,0,0,0,0,0,0,0,0,0,0,0,0,0
Castilla y León               ,49,Zamora                                            ,222006,388,178066,1610,179676,129045,537,129582,128411,127280,1131,1171,48712,1,54821,2,5111,0,14791,0,0,0,0,0,1003,0,0,0,0,0,633,0,0,0,0,0,526,0,0,0,288,0,0,0,462,0,0,0,0,0,171,0,0,0,0,0,0,0,0,0,0,0,0,0,0,0,0,0,0,0,0,0,0,0,209,0,0,0,0,0,0,0,0,0,0,0,0,0,0,0,0,0,0,0,0,0,0,0,0,0,553,0,0,0,0,0,0,0,0,0,0,0,0,0,0,0,0,0,0,0,0,0,0,0,0,0,0,0,0,0,0,0,0,0,0,0,0,0
Cataluña                      ,8,Barcelona                                         ,4614525,5272,3604807,13141,3617948,2451527,5439,2456966,2443643,2429402,14241,13323,903546,14,257021,3,200050,3,110681,1,741682,11,0,0,29187,0,0,0,0,0,18089,0,0,0,0,0,19573,0,0,0,10782,0,60642,0,9270,0,0,0,0,0,27746,0,0,0,0,0,0,0,0,0,18518,0,2087,0,0,0,8110,0,4996,0,2223,0,0,0,1127,0,0,0,0,0,2276,0,0,0,0,0,1200,0,0,0,0,0,0,0,0,0,0,0,596,0,0,0,0,0,0,0,0,0,0,0,0,0,0,0,0,0,0,0,0,0,0,0,0,0,0,0,0,0,0,0,0,0,0,0,0,0,0,0
Cataluña                      ,17,Girona                                            ,488216,643,384432,1250,385682,258867,544,259411,257757,255771,1986,1654,74469,2,20468,0,10089,0,7726,0,120849,3,0,0,3197,0,0,0,0,0,0,0,0,0,0,0,2097,0,0,0,740,0,8806,0,1401,0,0,0,0,0,1261,0,0,0,0,0,0,0,0,0,3188,0,197,0,0,0,0,0,418,0,140,0,0,0,227,0,0,0,0,0,258,0,0,0,0,0,154,0,0,0,0,0,0,0,0,0,0,0,86,0,0,0,0,0,0,0,0,0,0,0,0,0,0,0,0,0,0,0,0,0,0,0,0,0,0,0,0,0,0,0,0,0,0,0,0,0,0,0
Cataluña                      ,25,Lleida                                            ,352049,445,280820,2048,282868,183420,1137,184557,183444,182103,1341,1113,52504,2,22713,0,6835,0,7282,0,76602,2,0,0,2154,0,0,0,0,0,0,0,0,0,0,0,1186,0,0,0,480,0,6715,0,674,0,0,0,0,0,919,0,0,0,0,0,0,0,0,0,2216,0,0,0,0,0,723,0,418,0,158,0,0,0,120,0,0,0,0,0,170,0,0,0,0,0,153,0,0,0,0,0,0,0,0,0,0,0,81,0,0,0,0,0,0,0,0,0,0,0,0,0,0,0,0,0,0,0,0,0,0,0,0,0,0,0,0,0,0,0,0,0,0,0,0,0,0,0
Cataluña                      ,43,Tarragona                                         ,524854,624,409149,1365,410514,274404,569,274973,273403,271719,1684,1570,93456,2,35813,1,14478,0,10829,0,93110,2,0,0,3404,0,0,0,0,0,1355,0,0,0,0,0,1550,0,0,0,1135,0,8593,0,977,0,0,0,0,0,2040,0,0,0,0,0,0,0,0,0,2056,0,222,0,0,0,1221,0,603,0,132,0,0,0,145,0,0,0,0,0,318,0,0,0,0,0,155,0,0,0,0,0,0,0,0,0,0,0,127,0,0,0,0,0,0,0,0,0,0,0,0,0,0,0,0,0,0,0,0,0,0,0,0,0,0,0,0,0,0,0,0,0,0,0,0,0,0,0
Extremadura                   ,6,Badajoz                                           ,666053,753,491771,1633,493404,375025,614,375639,373292,371493,1799,2347,204473,4,87831,2,29940,0,37215,0,0,0,0,0,2501,0,0,0,0,0,0,0,0,0,0,0,1220,0,0,0,906,0,0,0,744,0,0,0,0,0,1162,0,0,0,0,0,0,0,0,0,0,0,541,0,0,0,1211,0,0,0,188,0,0,0,155,0,3406,0,0,0,0,0,0,0,0,0,0,0,0,0,0,0,0,0,0,0,0,0,0,0,0,0,0,0,0,0,0,0,0,0,0,0,0,0,0,0,0,0,0,0,0,0,0,0,0,0,0,0,0,0,0,0,0,0,0,0,0,0
Extremadura                   ,10,Cáceres                                           ,420367,474,323042,1697,324739,241955,671,242626,240509,239423,1086,2117,126396,3,65430,2,12226,0,21228,0,0,0,0,0,1117,0,0,0,0,0,1652,0,0,0,0,0,976,0,0,0,744,0,0,0,1200,0,0,0,0,0,380,0,0,0,0,0,0,0,0,0,0,0,255,0,0,0,0,0,0,0,130,0,0,0,111,0,7578,0,0,0,0,0,0,0,0,0,0,0,0,0,0,0,0,0,0,0,0,0,0,0,0,0,0,0,0,0,0,0,0,0,0,0,0,0,0,0,0,0,0,0,0,0,0,0,0,0,0,0,0,0,0,0,0,0,0,0,0,0
Galicia                       ,15,A Coruña                                          ,1109788,1294,861540,18222,879762,522628,3650,526278,518266,513491,4775,8012,190844,4,185709,4,20397,0,46675,1,0,0,0,0,5255,0,0,0,0,0,3029,0,0,0,0,0,2008,0,0,0,2713,0,0,0,3258,0,0,0,0,0,633,0,21202,0,5173,0,0,0,15670,0,0,0,570,0,0,0,1539,0,0,0,421,0,5539,0,430,0,0,0,0,0,646,0,0,0,434,0,0,0,1346,0,0,0,0,0,0,0,0,0,0,0,0,0,0,0,0,0,0,0,0,0,0,0,0,0,0,0,0,0,0,0,0,0,0,0,0,0,0,0,0,0,0,0,0,0,0,0,0,0
Galicia                       ,27,Lugo                                              ,404888,502,329834,4600,334434,201784,1469,203253,201857,200475,1382,1396,63404,2,92374,3,3999,0,12371,0,0,0,0,0,1017,0,0,0,0,0,1790,0,0,0,0,0,0,0,0,0,372,0,0,0,509,0,0,0,0,0,157,0,5650,0,14040,0,0,0,2582,0,0,0,138,0,0,0,0,0,0,0,210,0,1223,0,160,0,0,0,0,0,198,0,0,0,86,0,0,0,195,0,0,0,0,0,0,0,0,0,0,0,0,0,0,0,0,0,0,0,0,0,0,0,0,0,0,0,0,0,0,0,0,0,0,0,0,0,0,0,0,0,0,0,0,0,0,0,0,0
Galicia                       ,32,Ourense                                           ,429382,507,333774,8378,342152,187738,2677,190415,188316,187040,1276,2099,66592,2,76707,3,3691,0,10486,0,0,0,0,0,805,0,0,0,0,0,974,0,0,0,0,0,0,0,0,0,238,0,0,0,551,0,0,0,0,0,166,0,4921,0,14578,0,0,0,2455,0,0,0,129,0,0,0,0,0,0,0,155,0,3764,0,0,0,0,0,0,0,136,0,0,0,115,0,0,0,577,0,0,0,0,0,0,0,0,0,0,0,0,0,0,0,0,0,0,0,0,0,0,0,0,0,0,0,0,0,0,0,0,0,0,0,0,0,0,0,0,0,0,0,0,0,0,0,0,0
Galicia                       ,36,Pontevedra                                        ,900414,1047,667385,14240,681625,420825,4882,425707,421949,418043,3906,3758,138910,4,164378,4,15558,0,34230,0,0,0,0,0,5983,0,0,0,0,0,0,0,0,0,0,0,4541,0,0,0,1957,0,0,0,2662,0,0,0,0,0,845,0,15990,0,12030,0,0,0,13424,0,0,0,592,0,0,0,0,0,0,0,696,0,3885,0,0,0,0,0,0,0,523,0,0,0,300,0,0,0,1539,0,0,0,0,0,0,0,0,0,0,0,0,0,0,0,0,0,0,0,0,0,0,0,0,0,0,0,0,0,0,0,0,0,0,0,0,0,0,0,0,0,0,0,0,0,0,0,0,0
Comunidad de Madrid           ,28,Madrid                                            ,4782418,5009,3695129,18812,3713941,2693174,7768,2700942,2686715,2659412,27303,14227,899723,12,919357,12,414392,5,295189,4,0,0,0,0,25539,0,0,0,0,0,30495,0,0,0,0,0,23996,0,0,0,11621,0,0,0,8427,0,0,0,0,0,3002,0,0,0,0,0,0,0,0,0,0,0,3657,0,0,0,4963,0,1888,0,1973,0,0,0,1632,0,0,0,0,0,1847,0,0,0,767,0,1057,0,0,0,3396,0,3330,0,0,0,0,0,0,0,0,0,0,0,0,0,0,0,0,0,1359,0,0,0,0,0,975,0,0,0,0,0,827,0,0,0,0,0,0,0,0,0,0,0,0,0,0,0
Comunidad Foral de Navarra    ,31,Navarra                                           ,515766,816,406481,2237,408718,279330,820,280150,277937,274977,2960,2213,86677,2,92216,3,15979,0,19538,0,0,0,2562,0,1867,0,30632,0,0,0,0,0,0,0,13342,0,0,0,7949,0,510,0,0,0,1105,0,0,0,0,0,333,0,0,0,0,0,0,0,0,0,0,0,211,0,0,0,0,0,1541,0,0,0,0,0,275,0,0,0,0,0,240,0,0,0,0,0,0,0,0,0,0,0,0,0,0,0,0,0,0,0,0,0,0,0,0,0,0,0,0,0,0,0,0,0,0,0,0,0,0,0,0,0,0,0,0,0,0,0,0,0,0,0,0,0,0,0,0,0
País Vasco                    ,1,Araba - Álava                                     ,267728,316,208247,527,208774,139057,189,139246,137846,136787,1059,1400,35723,2,19427,1,4219,0,9228,0,0,0,23247,1,1838,0,16015,0,0,0,0,0,0,0,11689,0,953,0,11873,0,397,0,0,0,589,0,0,0,0,0,186,0,0,0,0,0,0,0,0,0,0,0,96,0,0,0,0,0,0,0,120,0,0,0,120,0,0,0,0,0,136,0,0,0,0,0,0,0,0,0,0,0,0,0,0,0,0,0,0,0,0,0,0,0,0,0,0,0,0,0,0,0,0,0,0,0,0,0,931,0,0,0,0,0,0,0,0,0,0,0,0,0,0,0,0,0,0,0
País Vasco                    ,20,Gipuzkoa                                          ,689222,767,534827,2214,537041,355263,911,356174,354371,352142,2229,1803,70183,2,24638,0,6935,0,7941,0,0,0,57290,1,1245,0,78138,2,0,0,0,0,0,0,63569,1,2278,0,36857,1,1192,0,0,0,700,0,0,0,0,0,315,0,0,0,0,0,0,0,0,0,0,0,257,0,0,0,0,0,0,0,241,0,0,0,146,0,0,0,0,0,217,0,0,0,0,0,0,0,0,0,0,0,0,0,0,0,0,0,0,0,0,0,0,0,0,0,0,0,0,0,0,0,0,0,0,0,0,0,0,0,0,0,0,0,0,0,0,0,0,0,0,0,0,0,0,0,0,0
País Vasco                    ,48,Bizkaia                                           ,1179150,1226,919516,3077,922593,619644,1124,620768,614724,610548,4176,6044,127744,2,59632,1,22169,0,21144,0,0,0,171582,3,4682,0,92493,2,0,0,0,0,0,0,48355,1,6589,0,48559,1,3125,0,0,0,2099,0,0,0,0,0,546,0,0,0,0,0,0,0,0,0,0,0,400,0,0,0,0,0,0,0,521,0,0,0,398,0,0,0,0,0,510,0,0,0,0,0,0,0,0,0,0,0,0,0,0,0,0,0,0,0,0,0,0,0,0,0,0,0,0,0,0,0,0,0,0,0,0,0,0,0,0,0,0,0,0,0,0,0,0,0,0,0,0,0,0,0,0,0
Región de Murcia              ,30,Murcia                                            ,1006788,1087,751065,2915,753980,558877,947,559824,556083,553443,2640,3741,256107,5,166712,3,51105,0,57634,1,0,0,0,0,6253,0,0,0,0,0,3589,0,0,0,0,0,3905,0,0,0,1557,0,0,0,2963,0,0,0,0,0,1602,0,0,0,0,0,0,0,0,0,0,0,836,0,0,0,0,0,0,0,633,0,0,0,547,0,0,0,0,0,0,0,0,0,0,0,0,0,0,0,0,0,0,0,0,0,0,0,0,0,0,0,0,0,0,0,0,0,0,0,0,0,0,0,0,0,0,0,0,0,0,0,0,0,0,0,0,0,0,0,0,0,0,0,0,0,0,0
La Rioja                      ,26,La Rioja                                          ,259909,401,205929,1080,207009,148710,424,149134,147808,146033,1775,1326,58678,2,60737,2,9495,0,10620,0,0,0,0,0,1823,0,0,0,0,0,0,0,0,0,0,0,1893,0,0,0,679,0,0,0,848,0,0,0,0,0,271,0,0,0,0,0,0,0,0,0,0,0,220,0,0,0,0,0,769,0,0,0,0,0,0,0,0,0,0,0,0,0,0,0,0,0,0,0,0,0,0,0,0,0,0,0,0,0,0,0,0,0,0,0,0,0,0,0,0,0,0,0,0,0,0,0,0,0,0,0,0,0,0,0,0,0,0,0,0,0,0,0,0,0,0,0,0,0
Comunitat Valenciana          ,3,Alicante / Alacant                                ,1217279,1273,899578,2659,902237,667436,996,668432,664060,660729,3331,4372,290886,5,195031,3,59491,1,66230,1,0,0,0,0,7784,0,0,0,0,0,10312,0,3960,0,0,0,6348,0,0,0,3162,0,0,0,2420,0,0,0,0,0,1632,0,0,0,0,0,6985,0,0,0,0,0,1359,0,0,0,889,0,1871,0,398,0,0,0,570,0,0,0,0,0,0,0,0,0,0,0,0,0,0,0,0,0,0,0,0,0,0,0,360,0,0,0,0,0,0,0,0,0,0,0,0,0,0,0,1041,0,0,0,0,0,0,0,0,0,0,0,0,0,0,0,0,0,0,0,0,0,0,0
Comunitat Valenciana          ,12,Castellón / Castelló                              ,436590,540,340804,700,341504,256947,289,257236,254870,253197,1673,2366,106223,3,86359,2,14004,0,22428,0,0,0,0,0,3042,0,0,0,0,0,3753,0,3254,0,0,0,1877,0,0,0,1999,0,0,0,1238,0,0,0,0,0,525,0,0,0,0,0,6267,0,0,0,0,0,319,0,0,0,0,0,979,0,176,0,0,0,476,0,0,0,0,0,0,0,0,0,0,0,0,0,0,0,0,0,0,0,0,0,0,0,278,0,0,0,0,0,0,0,0,0,0,0,0,0,0,0,0,0,0,0,0,0,0,0,0,0,0,0,0,0,0,0,0,0,0,0,0,0,0,0
Comunitat Valenciana          ,46,Valencia / València                               ,2078815,2061,1599236,5679,1604915,1203261,1984,1205245,1199875,1193855,6020,5370,481268,8,290711,4,118706,1,77573,1,0,0,0,0,11099,0,0,0,0,0,21748,0,137710,2,0,0,7233,0,0,0,7787,0,0,0,3128,0,0,0,0,0,1869,0,0,0,0,0,27515,0,0,0,0,0,1420,0,0,0,0,0,1763,0,623,0,0,0,874,0,0,0,0,0,0,0,0,0,0,0,0,0,0,0,0,0,0,0,0,0,0,0,1460,0,0,0,0,0,0,0,0,0,1368,0,0,0,0,0,0,0,0,0,0,0,0,0,0,0,0,0,0,0,0,0,0,0,0,0,0,0,0,0
Ciudad de Ceuta               ,51,Ceuta                                             ,65151,53,40933,420,41353,22979,152,23131,22919,22649,270,212,8643,1,7855,0,0,0,1880,0,0,0,0,0,605,0,0,0,0,0,756,0,0,0,0,0,0,0,0,0,0,0,0,0,150,0,0,0,0,0,0,0,0,0,0,0,0,0,0,0,0,0,0,0,0,0,0,0,0,0,0,0,0,0,0,0,0,0,0,0,0,0,0,0,0,0,0,0,0,0,0,0,0,0,0,0,0,0,0,0,0,0,0,0,2760,0,0,0,0,0,0,0,0,0,0,0,0,0,0,0,0,0,0,0,0,0,0,0,0,0,0,0,0,0,0,0,0,0
Ciudad de Melilla             ,52,Melilla                                           ,52388,44,33630,355,33985,17477,157,17634,17508,17351,157,126,6741,0,9748,1,0,0,316,0,0,0,0,0,0,0,0,0,0,0,0,0,0,0,0,0,0,0,0,0,0,0,0,0,130,0,0,0,0,0,115,0,0,0,0,0,0,0,0,0,0,0,0,0,0,0,0,0,0,0,0,0,0,0,0,0,0,0,0,0,0,0,0,0,0,0,0,0,0,0,0,0,0,0,0,0,0,0,0,0,0,0,0,0,0,0,0,0,0,0,0,0,0,0,0,0,0,0,0,0,0,0,0,0,0,0,0,0,0,0,301,0,0,0,0,0,0,0
,,,,,,,,,,,,,,,,,,,,,,,,,,,,,,,,,,,,,,,,,,,,,,,,,,,,,,,,,,,,,,,,,,,,,,,,,,,,,,,,,,,,,,,,,,,,,,,,,,,,,,,,,,,,,,,,,,,,,,,,,,,,,,,,,,,,,,,,,,,,
,1378,Total,38476094,44285,29438479,165576,29604055,20586503,59862,20646365,20493682,20351887,141795,152683,8115568,175,5285972,107,1858588,17,1617716,14,1032243,18,254681,5,219883,0,217278,4,212687,2,157103,0,144924,2,136955,2,136335,0,105238,2,86257,0,84756,0,81218,0,71733,1,64767,1,62664,0,47763,0,45821,0,40767,0,34131,0,25978,0,24025,0,21539,0,21235,0,17095,0,15936,0,14411,0,12807,0,10984,0,7989,0,7906,0,6371,0,5414,0,4942,0,3657,0,3396,0,3330,0,3218,0,3156,0,2988,0,2962,0,2883,0,2760,0,1411,0,1368,0,1359,0,1199,0,1041,0,975,0,931,0,904,0,827,0,472,0,426,0,398,0,301,0,245,0,0,0,0,0
